first_name,email
Aaron Ju,aaronjhw4@gmail.com
Arraya Janvier,arrayajanvier@gmail.com
Ethan Duncalfe,ethan.duncalfe@gmail.com
Farzan Jabbari,farzanjabbari66@gmail.com
Fiona Hao,Fionahaosasuke@gmail.com
Iman Rahmaty,Imanrahmaty06@gmail.com
Isaac Chung,isaacchungwy@gmail.com
Laasya Kanagala,kanagalalaasyaa@gmail.com
Megan Wang,wangmegan.mail@gmail.com
Mergen Tuguldur,mergen4621@gmail.com
Minh Tran,mtran95@student.ubc.ca
Nathan Zhao,n.zhao585@gmail.com
Nathen Shen,nshen11@student.ubc.ca
Pim-on Ingkanisorn,pimoning07@gmail.com
Satvika Suresha,satvika.suresha@gmail.com
Tingwei Zhu,zhu947628@gmail.com
Chloe Huang,chloehuang225@gmail.com
Caroline Nguyen,nguyentrangnguyen18207@gmail.com
Hitaishi Makwana,hind.study7k@gmail.com
Max Li,max.li20250201@gmail.com
Ruoxi Qu,rqu03@student.ubc.ca
Kanat Baimuminov,kbajmomynov@gmail.com
Rizzel Flora,rizzel.flora@gmail.com
Niki Furmanczyk,nicole.furmanczyk@gmail.com
Aaron Ju,aaronjhw4@gmail.com
Renata Teran Enriquez,rrenatateranenriquez@gmail.com
Cora McAsey,coramcasey@gmail.com
Madison Harasym,madisonh4656@gmail.com
Valerie Bi,vbi@student.ubc.ca
Roy Park,Roypark.victoria@gmail.com
Michael Luo,michaelluo511@gmail.com
Alishba Masood,alishbatm01@gmail.com
Joshua Wu,joshuawu2022@gmail.com
Dafne Naz Birsay,dafnenazb@gmail.com
Mutsumi Ito,mutsumi.ito329@gmail.com
Juliane Lou,julianelou870@gmail.com
Maahi Raut,maahi.r.raut@gmail.com
Samuel Han,samuelss0229@gmail.com
Saachi Bhalla,saachib@student.ubc.ca
Klaire Lamont,klaire.lamont@hotmail.com
Laura Benavides Jimenez,laura.benavidesj@gmail.com
Calista Ji,Calista06ji@gmail.com
Bode Peachell,bodepeachell5@gmail.com
Maggie Cao,mcao15@student.ubc.ca
Hitaishi Makwana,hind.study7k@gmail.com
Jessica Liu,jliu206@student.ubc.ca
Yoko Chan,yokowyc@student.ubc.ca
Aniket Jyoti,aniketjyoti230@gmail.com
Thea Do,thi.do.huynhlan@gmail.com
Dayana Nurabayeva,dayana.nurabayeva@gmail.com
Carmen Feng,carmenfenggg@gmail.com
Michelle Kange,michekazul7@gmail.com
Jot Mehtab Singh,jotmehtabs@gmail.com
Husain Ali,hsainali@student.ubc.ca
Abhishek Ramaesh,abhishekramesh004@gmail.com